Workbook

Sheet Data
A1: Portfolio Risk & Return Analyzer | NSE Stocks | Historical Price Data
A2: Date | B2: TCS (₹) | C2: Reliance (₹) | D2: Infosys (₹) | E2: HDFC Bank (₹)
A3: 45930 | B3: 2888.4 | C3: 1364 | D3: 1441.8 | E3: 951
A4: 45931 | B4: 2914.2 | C4: 1368.7 | D4: 1445.8 | E4: 965.25
A5: 45933 | B5: 2901.9 | C5: 1363.4 | D5: 1446.6 | E5: 965.15
A6: 45936 | B6: 2988.4 | C6: 1375 | D6: 1476 | E6: 973.45
A7: 45937 | B7: 2973.7 | C7: 1384.8 | D7: 1458.5 | E7: 982.5
A8: 45938 | B8: 3027.2 | C8: 1367.4 | D8: 1495 | E8: 978.7
A9: 45939 | B9: 3061.7 | C9: 1377.8 | D9: 1509.3 | E9: 977.1
A10: 45940 | B10: 3028.3 | C10: 1381.7 | D10: 1514.9 | E10: 980.9
A11: 45943 | B11: 3007.2 | C11: 1375 | D11: 1493.2 | E11: 977
A12: 45944 | B12: 2960.3 | C12: 1375.9 | D12: 1489.9 | E12: 977.15
A13: 45945 | B13: 2969.8 | C13: 1374.3 | D13: 1474.4 | E13: 978.25
A14: 45946 | B14: 2970.7 | C14: 1398.3 | D14: 1471.5 | E14: 994.35
... A103: 46077 | B103: 2573.7 | C103: 1428.8 | D103: 1275.5 | E103: 910.5

Sheet Returns
A1: Daily Returns | Formula: (Price_t − Price_t-1) / Price_t-1
A2: Date | B2: TCS Return | C2: Reliance Return | D2: Infosys Return | E2: HDFC Bank Return
A3: =Data!A3 -> 45930 | B3: N/A | C3: N/A | D3: N/A | E3: N/A
A4: =Data!A4 -> 45931 | B4: =(Data!B4-Data!B3)/Data!B3 -> 0.0089322808 | C4: =(Data!C4-Data!C3)/Data!C3 -> 0.0034457478 | D4: =(Data!D4-Data!D3)/Data!D3 -> 0.0027743099 | E4: =(Data!E4-Data!E3)/Data!E3 -> 0.014984227
A5: =Data!A5 -> 45933 | B5: =(Data!B5-Data!B4)/Data!B4 -> -0.0042207124 | C5: =(Data!C5-Data!C4)/Data!C4 -> -0.0038722876 | D5: =(Data!D5-Data!D4)/Data!D4 -> 0.00055332688 | E5: =(Data!E5-Data!E4)/Data!E4 -> -0.0001036001
A6: =Data!A6 -> 45936 | B6: =(Data!B6-Data!B5)/Data!B5 -> 0.029808057 | C6: =(Data!C6-Data!C5)/Data!C5 -> 0.0085081414 | D6: =(Data!D6-Data!D5)/Data!D5 -> 0.020323517 | E6: =(Data!E6-Data!E5)/Data!E5 -> 0.0085996995
A7: =Data!A7 -> 45937 | B7: =(Data!B7-Data!B6)/Data!B6 -> -0.0049190202 | C7: =(Data!C7-Data!C6)/Data!C6 -> 0.0071272727 | D7: =(Data!D7-Data!D6)/Data!D6 -> -0.011856369 | E7: =(Data!E7-Data!E6)/Data!E6 -> 0.0092968309
A8: =Data!A8 -> 45938 | B8: =(Data!B8-Data!B7)/Data!B7 -> 0.017991055 | C8: =(Data!C8-Data!C7)/Data!C7 -> -0.012564991 | D8: =(Data!D8-Data!D7)/Data!D7 -> 0.025025711 | E8: =(Data!E8-Data!E7)/Data!E7 -> -0.0038676845
A9: =Data!A9 -> 45939 | B9: =(Data!B9-Data!B8)/Data!B8 -> 0.01139667 | C9: =(Data!C9-Data!C8)/Data!C8 -> 0.007605675 | D9: =(Data!D9-Data!D8)/Data!D8 -> 0.0095652174 | E9: =(Data!E9-Data!E8)/Data!E8 -> -0.0016348217
A10: =Data!A10 -> 45940 | B10: =(Data!B10-Data!B9)/Data!B9 -> -0.010908972 | C10: =(Data!C10-Data!C9)/Data!C9 -> 0.0028305995 | D10: =(Data!D10-Data!D9)/Data!D9 -> 0.0037103293 | E10: =(Data!E10-Data!E9)/Data!E9 -> 0.0038890595
A11: =Data!A11 -> 45943 | B11: =(Data!B11-Data!B10)/Data!B10 -> -0.0069676056 | C11: =(Data!C11-Data!C10)/Data!C10 -> -0.0048490989 | D11: =(Data!D11-Data!D10)/Data!D10 -> -0.014324378 | E11: =(Data!E11-Data!E10)/Data!E10 -> -0.0039759405
A12: =Data!A12 -> 45944 | B12: =(Data!B12-Data!B11)/Data!B11 -> -0.015595903 | C12: =(Data!C12-Data!C11)/Data!C11 -> 0.00065454545 | D12: =(Data!D12-Data!D11)/Data!D11 -> -0.0022100188 | E12: =(Data!E12-Data!E11)/Data!E11 -> 0.00015353122
A13: =Data!A13 -> 45945 | B13: =(Data!B13-Data!B12)/Data!B12 -> 0.0032091342 | C13: =(Data!C13-Data!C12)/Data!C12 -> -0.0011628752 | D13: =(Data!D13-Data!D12)/Data!D12 -> -0.010403383 | E13: =(Data!E13-Data!E12)/Data!E12 -> 0.0011257228
A14: =Data!A14 -> 45946 | B14: =(Data!B14-Data!B13)/Data!B13 -> 0.00030305071 | C14: =(Data!C14-Data!C13)/Data!C13 -> 0.017463436 | D14: =(Data!D14-Data!D13)/Data!D13 -> -0.0019669018 | E14: =(Data!E14-Data!E13)/Data!E13 -> 0.016457961
A15: =Data!A15 -> 45947 | B15: =(Data!B15-Data!B14)/Data!B14 -> -0.0028612785 | C15: =(Data!C15-Data!C14)/Data!C14 -> 0.013230351 | D15: =(Data!D15-Data!D14)/Data!D14 -> -0.020659191 | E15: =(Data!E15-Data!E14)/Data!E14 -> 0.0082465933
... A103: =Data!A103 -> 46077 | B103: =(Data!B103-Data!B102)/Data!B102 -> -0.038336509 | C103: =(Data!C103-Data!C102)/Data!C102 -> 0.00056022409 | D103: =(Data!D103-Data!D102)/Data!D102 -> -0.039171375 | E103: =(Data!E103-Data!E102)/Data!E102 -> -0.014183629

Sheet Metrics
A1: Risk & Return Metrics | Annualised | Risk-Free Rate: 6% p.a.
A3: Risk-Free Rate (Annual): | B3: 0.06 | C3: ← Assumption (hardcoded input — change as needed)
A5: Metric | B5: TCS | C5: Reliance | D5: Infosys | E5: HDFC Bank | F5: Notes
A6: Average Daily Return | B6: =AVERAGE(Returns!B4:B103) -> -0.0010426247 | C6: =AVERAGE(Returns!C4:C103) -> 0.00054350786 | D6: =AVERAGE(Returns!D4:D103) -> -0.001084474 | E6: =AVERAGE(Returns!E4:E103) -> -0.00039989482 | F6: Mean of daily returns
A7: Annualised Return | B7: =AVERAGE(Returns!B4:B103)*252 -> -0.26274143 | C7: =AVERAGE(Returns!C4:C103)*252 -> 0.13696398 | D7: =AVERAGE(Returns!D4:D103)*252 -> -0.27328745 | E7: =AVERAGE(Returns!E4:E103)*252 -> -0.1007735 | F7: Daily avg × 252 trading days
A8: Daily Std Dev (Risk) | B8: =STDEV(Returns!B4:B103) -> 0.014806378 | C8: =STDEV(Returns!C4:C103) -> 0.012638735 | D8: =STDEV(Returns!D4:D103) -> 0.016769451 | E8: =STDEV(Returns!E4:E103) -> 0.0084369093 | F8: Daily standard deviation
A9: Annualised Std Dev | B9: =STDEV(Returns!B4:B103)*SQRT(252) -> 0.23504396 | C9: =STDEV(Returns!C4:C103)*SQRT(252) -> 0.2006337 | D9: =STDEV(Returns!D4:D103)*SQRT(252) -> 0.26620678 | E9: =STDEV(Returns!E4:E103)*SQRT(252) -> 0.13393178 | F9: Daily StdDev × √252
A10: Sharpe Ratio | B10: =(AVERAGE(Returns!B4:B103)*252-$B$3)/( STDEV(Returns!B4:B103)*SQRT(252)) -> -1.3731109 | C10: =(AVERAGE(Returns!C4:C103)*252-$B$3)/( STDEV(Returns!C4:C103)*SQRT(252)) -> 0.38360444 | D10: =(AVERAGE(Returns!D4:D103)*252-$B$3)/( STDEV(Returns!D4:D103)*SQRT(252)) -> -1.2519871 | E10: =(AVERAGE(Returns!E4:E103)*252-$B$3)/( STDEV(Returns!E4:E103)*SQRT(252)) -> -1.2004133 | F10: ( Ann.Return − RFR ) / Ann.StdDev
A11: Min Daily Return | B11: =MIN(Returns!B4:B103) -> -0.070133011 | C11: =MIN(Returns!C4:C103) -> -0.044673975 | D11: =MIN(Returns!D4:D103) -> -0.072584541 | E11: =MIN(Returns!E4:E103) -> -0.024061502 | F11: Worst single day
A12: Max Daily Return | B12: =MAX(Returns!B4:B103) -> 0.029808057 | C12: =MAX(Returns!C4:C103) -> 0.035290796 | D12: =MAX(Returns!D4:D103) -> 0.056257032 | E12: =MAX(Returns!E4:E103) -> 0.024228344 | F12: Best single day
A13: Positive Days (%) | B13: =COUNTIF(Returns!B4:B103,">0")/100 -> 0.5 | C13: =COUNTIF(Returns!C4:C103,">0")/100 -> 0.52 | D13: =COUNTIF(Returns!D4:D103,">0")/100 -> 0.47 | E13: =COUNTIF(Returns!E4:E103,">0")/100 -> 0.45 | F13: % of days with positive return

Sheet Portfolio
A1: Portfolio Analysis | Weighted Return & Risk
A3: Stock | B3: Weight | C3: Ann. Return | D3: Ann. Std Dev | E3: Contribution to Return
A4: TCS | B4: 0.25 | C4: =Metrics!B7 -> -0.26274143 | D4: =Metrics!B9 -> 0.23504396 | E4: =B4*C4 -> -0.065685356
A5: Reliance | B5: 0.25 | C5: =Metrics!C7 -> 0.13696398 | D5: =Metrics!C9 -> 0.2006337 | E5: =B5*C5 -> 0.034240995
A6: Infosys | B6: 0.25 | C6: =Metrics!D7 -> -0.27328745 | D6: =Metrics!D9 -> 0.26620678 | E6: =B6*C6 -> -0.068321864
A7: HDFC Bank | B7: 0.25 | C7: =Metrics!E7 -> -0.1007735 | D7: =Metrics!E9 -> 0.13393178 | E7: =B7*C7 -> -0.025193374
A8: TOTAL | B8: =SUM(B4:B7) -> 1 | E8: =SUM(E4:E7) -> -0.1249596
A10: Portfolio Summary
A11: Portfolio Return (Weighted) | B11: =SUMPRODUCT(B4:B7,C4:C7) -> -0.1249596 | C11: Σ (Weight × Annualised Return)
A12: Portfolio Risk (Simplified) | B12: =SQRT(SUMPRODUCT(B4:B7*B4:B7,D4:D7*D4:D7)) -> 0.10732641 | C12: √ Σ (w² × σ²) — simplified (ignores correlations)
A13: Portfolio Sharpe Ratio | B13: =IF(B12=0,"N/A",(B11-Metrics!$B$3)/B12) -> -1.7233373 | C13: (Port Return − RFR) / Port Risk
A14: Risk-Free Rate | B14: =Metrics!$B$3 -> 0.06 | C14: Linked from Metrics sheet
A15: Excess Return over RFR | B15: =B11-B14 -> -0.1849596 | C15: Portfolio Return − Risk-Free Rate
A16: No. of Stocks | B16: =COUNTA(A4:A7) -> 4 | C16: Stocks in portfolio
A17: Sum of Weights Check | B17: =B8 -> 1 | C17: Must equal 100%
